id,speed
0,47.533398081000904
1,47.48074149923276
2,36.701022848945264
3,31.39177282183961
4,42.89818303522367
5,30.4348742919245
6,22.721300182834483
7,49.31559425624543
8,47.86467689303712
9,34.664304749666876
10,29.379224593970513
11,21.980238308914
12,22.860874974333694
13,22.45944946270508
14,25.681783548386097
15,39.080187329377914
16,42.497370809471576
17,46.6597993334761
18,48.91424306134755
19,48.778655813561706
20,47.06294516551984
21,44.97776742792448
22,20.02013447530354
23,26.39780093433038
24,24.891146818030478
25,19.954435443945563
26,21.534697096667514
27,20.020378188998258
28,15.617708093127963
29,13.822539978530624
30,25.030578162120243
31,46.56946836870771
32,49.10011523553007
33,30.0955844176815
34,23.92081541081621
35,23.23606821749802
36,20.851609494154676
37,21.7527297504011
38,46.14352834205313
39,39.30093511512085
40,44.86281835503343
41,47.681375215602024
42,48.32054447304942
43,43.88543627067285
44,16.53458092751893
45,17.32459991637717
46,18.41513084925802
47,10.96593327379616
48,44.69445999106291
49,47.762576579624536
50,47.273348014997694
51,25.237618392984587
52,23.090743599249056
53,21.732309167347807
54,17.880605054361624
55,19.52051391174011
56,15.22392855397514
57,17.903653256548907
58,30.456491805564394
59,35.78536068781149
60,43.14489170626829
61,41.29969046406567
62,40.42290672615276
63,41.58406788702241
64,45.52100205462883
65,47.83400278221038
66,47.55323018751212
67,46.37443917490925
68,43.60831043069907
69,26.83097326052489
70,24.619351712047937
71,19.601851546966657
72,17.111017841242198
73,17.502344808716384
74,13.728380800016009
75,8.995034443125123
76,42.172121016747745
77,37.723605548802546
78,40.85826248906091
79,48.19426151944524
80,13.315973123947938
81,16.596740045203852
82,23.476412805465642
83,14.891942420005119
84,15.790433946210216
85,12.63731859088999
86,21.100197951631596
87,37.11637762720492
88,45.40857214140336
89,40.83237767647365
90,48.54482063721894
91,47.51328771342184
92,46.202560011574725
93,45.325353249100175
94,27.04341105003737
95,14.40734925681981
96,23.786412524699028
97,11.320518678987309
98,10.254632360727985
99,19.76878680521016
100,39.58416901329139
101,47.42210152055547
102,13.78320501659764
103,17.59370477320649
104,14.363277364069887
105,42.89927152152634
106,35.01776495160872
107,49.03851274174158
108,44.40065049850551
109,16.458306228454546
110,9.758491752739236
111,9.39968244418845
112,19.57511843409555
113,35.02801193787195
114,39.571496452901705
115,48.687874384307044
116,48.693977394622
117,39.49865927924282
118,24.733385348803044
119,21.567522137447686
120,22.374309830806887
121,18.60559441787466
122,34.16682112604317
123,47.12771621595471
124,46.95917687772582
125,41.70843070183377
126,39.9284894689272
127,37.81050817570961
128,41.2181232721289
129,34.81042729509208
130,48.641905239091585
131,47.319337343137754
132,46.92535683975794
133,27.398168513793983
134,23.730421301634934
135,22.650489241218335
136,40.707491391349194
137,47.45576983471192
138,49.16482945152526
139,47.36203202918216
140,46.855207381558195
141,44.36770543951081
142,26.23098044095117
143,14.133116877561463
144,20.902077041865603
145,16.55968489529607
146,16.8381067572243
147,48.68447462794098
148,49.546514761465566
149,47.643793696864044
150,47.418512285354794
151,18.03973496989936
152,17.03377443195776
153,17.426749798333837
154,9.106407935732873
155,21.883643988148176
156,37.97983208188147
157,46.514296075509726
158,41.552558376365305
159,45.855418693808964
160,48.79333246938007
161,49.71760823853307
162,48.692480607328854
163,47.41193868275778
164,44.9549916375852
165,26.820459472820993
166,14.722356877570244
167,19.548307862902206
168,17.93451661871394
169,18.060108039695386
170,11.658148434032242
171,10.295953154295695
172,46.31822052723708
173,48.74454299277033
174,44.97340942864739
175,27.667551666286975
176,15.133150716421262
177,16.970684539835368
178,18.15737973171763
179,9.756129770163623
180,45.538698716802905
181,48.675429681086435
182,49.38966792209734
183,48.751792953790535
184,40.8165306119131
185,19.7264434598253
186,18.11694819789055
187,40.25864452466598
188,33.292598770798925
189,48.36295381839551
190,43.38629865103849
191,43.86412658083223
192,39.614426319893056
193,39.18642897911751
194,36.085671258089356
195,36.21958621495343
196,38.558054053276706
197,41.76851470240832
198,37.75653715667301
199,47.30953705815508
200,45.97647068112928
201,22.901806365152964
202,25.15161601091826
203,18.27152601871436
204,16.546226659502857
205,18.70280620434002
206,40.78540350993121
207,40.53546895218057
208,48.63344175803824
209,48.62891319416298
210,46.56696324074651
211,46.99266702216939
212,26.31930170617639
213,14.671523066857308
214,21.286395913700254
215,21.60014092608922
216,15.530952175872443
217,23.190806995219535
218,46.91765795734234
219,48.14757065370007
220,46.948478860093864
221,45.40108481349227
222,26.89949539279356
223,17.724334996368942
224,10.428696808382846
225,23.857024007267768
226,47.51473137571448
227,49.021778242266116
228,17.9220194019995
229,22.243792461354047
230,18.75619807337869
231,18.014554662656238
232,44.99829785271682
233,48.553549585222804
234,47.139023267494785
235,19.44473320944395
236,24.69434013023899
237,22.205579426365833
238,22.85118744522189
239,43.73762432822539
240,36.44288544943121
241,39.93896617697937
242,49.134344147511335
243,49.50572157926715
244,48.63643255273662
245,49.22858517992169
246,27.009939994490026
247,23.81157431150021
248,20.04962461712135
249,21.99247960381742
250,21.57603684217509
251,31.77431155410881
252,43.98417222022771
253,35.288191466892364
254,35.662643042922035
255,46.88522530421796
256,47.311816459906844
257,46.35643875763779
258,43.29928998465204
259,42.018865173431486
260,38.38213660838544
261,37.76837889817119
262,40.46745949589272
263,44.22754252880211
264,35.35285348431413
265,42.43843503451668
266,48.068101775837285
267,45.320136795297074
268,18.189560234462025
269,19.28088393400219
270,17.09514379275454
271,16.28435591061965
272,17.182098407713458
273,13.579666123587247
274,47.12512907262711
275,47.67180173883488
276,48.43077396631039
277,47.73741309430873
278,30.315503757493822
279,17.060384645449027
280,19.00984841250122
281,22.446102759434396
282,21.4197278247726
283,17.419239298241493
284,12.739989622769043
285,11.78671976799124
286,48.11481167052157
287,47.23657356324477
288,12.345897448958077
289,14.930152776408594
290,16.540913463957423
291,12.538888950782411
292,11.234372599987143
293,26.11679084071571
294,46.02412260089402
295,49.37002838066247
296,48.12453949585194
297,36.5291450132357
298,21.603185756000347
299,32.139964999357545
300,23.392627503336808
301,20.007114552347094
302,24.452013384301647
303,43.07608681675368
304,41.13453583542783
305,49.51549067016749
306,48.684800379642816
307,49.42179559662314
308,46.54554015894159
309,34.8388925545716
310,19.247553458068552
311,10.01342413348293
312,42.57968709581418
313,35.028390311488415
314,37.610958866391954
315,48.98178165965886
316,47.42601595979543
317,37.68339338961926
318,34.5837754053943
319,33.598717749617784
320,44.39761450462973
321,46.46215275715637
322,46.53304591987597
323,46.127468833797074
324,45.62576386853071
325,44.285126107016076
326,44.241522256137635
327,41.55277601052739
328,41.31988842523846
329,38.3369523428851
330,37.961406799981674
331,41.19440863288163
332,42.278797982638515
333,36.22592452333234
334,35.261201095599105
335,42.193507857705676
336,47.7069132026271
337,47.62544589462273
338,17.505627175168275
339,21.085306172955434
340,22.537821233716326
341,23.609061163315396
342,44.2046696034224
343,43.4613712384943
344,48.81661172340654
345,48.3904838479776
346,47.744968024619006
347,17.4654011973483
348,38.735811040865244
349,50.037489479906725
350,49.140563361394044
351,48.28115965447608
352,32.53873384433506
353,16.74927692079308
354,26.210109498917284
355,19.039541144565874
356,16.598474203697386
357,22.640777999993432
358,37.0252901014494
359,44.05092517854973
360,43.95985763539141
361,49.6225718466114
362,16.35431014115017
363,22.702053796688755
364,18.599503188286683
365,15.897243762622232
366,11.325160283520058
367,20.719414185992875
368,41.05207556550264
369,49.617753741400556
370,48.94813097697362
371,48.314034464375155
372,48.12315696267812
373,17.126432976116746
374,18.41339753283761
375,9.541077911810067
376,19.162539922858915
377,32.669801643222904
378,37.404538380472694
379,49.851960031026984
380,29.828032877274445
381,18.89997243272626
382,17.642311489252744
383,30.35931162660613
384,48.00934549130586
385,47.97867003908805
386,47.66296630929524
387,45.42664159386044
388,42.22245638239543
389,39.82938832161381
390,36.395754405346686
391,36.3437175070942
392,49.06617070559019
393,49.05279997229816
394,47.99999993347693
395,16.90850623406981
396,19.52263414894589
397,30.126617376850774
398,24.623135904770727
399,16.706018967262274
400,11.759020588410067
401,36.60707062097838
402,38.80391373327524
403,49.14637376896122
404,47.6519366692532
405,45.2451147012124
406,31.785261708393115
407,16.9041614058074
408,17.041405986015548
409,19.360000857551572
410,18.729146087610296
411,9.839796949657096
412,43.58500732607081
413,38.543460170303476
414,43.296452841083486
415,49.46224173366297
416,48.490672817566754
417,47.9683889790662
418,47.59493514991352
419,32.53229957299016
420,16.601186433823415
421,10.208663357594803
422,43.52854695658154
423,39.040195501537234
424,49.281395523582795
425,49.71980536947013
426,46.436938254145524
427,36.90795583113817
428,29.720107993250558
429,41.28633401386217
430,41.30186268572015
431,48.412517728966726
432,47.36711163967528
433,45.03842835763751
434,26.38451582237809
435,35.37730064544506
436,26.6802132702187
437,26.058803873845466
438,47.87671108303925
439,47.875407642096526
440,48.53159204957371
441,39.47767229204874
442,34.77095415295468
443,34.466547118334624
444,28.87076407954047
445,38.95862726419127
446,30.71622454443
447,34.52738981977701
448,46.71483637831643
449,46.33930429295501
450,45.61998558584278
451,42.42700988938915
452,43.43910109414426
453,43.42869296108077
454,44.14489439907165
455,42.169976451474476
456,41.31433014378057
457,44.280122391247644
458,48.72563341954649
459,48.944653920959176
460,36.16281252638485
461,29.640275816940267
462,30.772980299689507
463,26.832734524035423
464,34.03190013384933
465,39.431821356949065
466,47.80047990164987
467,48.355397485367
468,47.56670051620793
469,46.02297679566053
470,20.2424225829947
471,25.88041786419246
472,28.13913831430372
473,23.831135378017947
474,17.576236106879964
475,24.25632791172196
476,47.87017785027283
477,46.06785995367769
478,36.38447376316318
479,28.373966132689922
480,27.67302449917419
481,24.839575251270425
482,25.25178585438536
483,47.95879791433301
484,47.35369197486917
485,47.178509086344526
486,31.27204862068001
487,38.224541431238244
488,29.806743574808287
489,17.757196870058763
490,14.97485509025067
491,36.46873418103486
492,44.923647079850774
493,48.513055272385
494,48.566526797015676
495,47.2384452478103
496,25.69087400773855
497,31.924626905344
498,42.390253662612025
499,48.98541003041384
500,48.85981609200389
501,49.299698841792924
502,48.5630555428179
503,48.07161740538774
504,34.2776558111563
505,35.62675265934912
506,32.08767247592253
507,27.759853098555446
508,27.991685724375618
509,44.84806308223953
510,46.578337613663685
511,46.808562517699485
512,45.724941753351594
513,45.55404159139287
514,44.02756854883513
515,42.95184263293815
516,43.29057626244705
517,43.772930035538174
518,47.71844703630642
519,47.66511266180088
520,21.077963165897966
521,27.67539478552151
522,22.37406651795134
523,21.231127070457706
524,16.375111476295604
525,45.95562408759379
526,48.20203552471076
527,48.17201483600795
528,46.737448125342524
529,30.295405337199977
530,20.755425595527544
531,26.74690350869897
532,20.87534242259756
533,17.50414972033481
534,14.298110898927039
535,46.52767632397385
536,29.608463617358986
537,18.096662069338926
538,17.567069330594208
539,18.902521037859408
540,14.380612672647317
541,14.015015864094988
542,45.03129701934848
543,44.250754564540394
544,48.28927490124698
545,45.95338372119196
546,16.20594314226163
547,20.358598465419924
548,21.78448185667982
549,21.304210045527363
550,18.57162180315463
551,39.49750556991712
552,42.641636943130074
553,48.803472250017286
554,48.4579253427222
555,45.61650941205064
556,29.738830487670498
557,18.401591893677384
558,20.316073124163825
559,23.130721916317857
560,18.050996297187588
561,19.197481217616026
562,18.474056297810815
563,18.50614278792849
564,16.978491088786704
565,12.60496802908327
566,45.189228724700264
567,37.74484331651578
568,40.471539757778736
569,49.5830343819374
570,48.61360319888936
571,34.188197981197
572,43.05710394541033
573,46.996273303437825
574,47.25496999389927
575,47.721645629845625
576,46.97247597793014
577,43.9288575640604
578,42.63343440277148
579,45.352072979857915
580,45.188251590101636
581,38.086261374279964
582,48.791100556582265
583,48.69638147984744
584,17.26651048722748
585,20.146210564815565
586,26.913265572654627
587,24.951690618842306
588,20.92199311717203
589,18.03208624474662
590,20.777863184721657
591,18.885065959047576
592,46.91629948073017
593,48.39985332150177
594,48.49796152499997
595,46.97000918558548
596,45.33664316467328
597,26.54027498669481
598,23.581339025208557
599,17.98090296070349
600,11.99947320876165
601,47.93527676278083
602,47.60605622411713
603,45.94923715331877
604,14.597641661951274
605,19.21108390062996
606,37.395343268655445
607,40.2234315657064
608,48.97887912350736
609,49.07693055587389
610,47.78702082568127
611,47.10666839769726
612,44.642041466550886
613,15.024914699919629
614,22.94805528402695
615,17.422835464949177
616,17.357955402133044
617,19.308104458356514
618,12.5778408928048
619,21.291720848853515
620,40.921131469792165
621,49.65920221858006
622,49.36528880867713
623,47.913874099717184
624,45.15763627599416
625,25.882338013579588
626,18.258094817377582
627,17.166985325418064
628,17.884849020903395
629,10.199823373469448
630,20.64269336727889
631,49.869660882174806
632,48.19163504742849
633,47.67939305328355
634,40.91225876738006
635,26.823189128762024
636,22.5337077787935
637,47.8462968231169
638,48.29808670563158
639,47.85614585828916
640,40.80699775960982
641,41.16050095450416
642,41.40959474502592
643,37.200997247499345
644,35.764309376645734
645,39.14427656747178
646,35.395083343751146
647,48.07655772343064
648,48.16857877531441
649,47.48224963827743
650,44.61529976806034
651,16.124968319528012
652,18.014023072388405
653,11.543067326269258
654,21.046836324791773
655,48.33626272438854
656,48.46452771436707
657,48.02512654454562
658,47.21016270846171
659,46.938110717997965
660,44.26889069985034
661,16.951041392844377
662,24.138422836197027
663,18.355221767592873
664,19.0761016637397
665,19.556000201217348
666,17.278242767738433
667,10.361894210834816
668,44.476171424662446
669,38.99130384912768
670,44.21770424256008
671,47.29708547370408
672,44.64459520983235
673,22.742997236407952
674,14.166977956044233
675,33.56899432963298
676,48.91564113086461
677,48.36547021899593
678,46.996459371935146
679,16.196915214051828
680,25.043459984438265
681,21.058229902800164
682,22.17269579952223
683,18.978663919877775
684,43.87699979561425
685,48.66958218381672
686,48.13553304549222
687,47.324318478434
688,45.260305327567885
689,24.07974176187245
690,17.633815764165835
691,22.53073735394483
692,16.52988048629557
693,16.14832792057288
694,48.510219380610906
695,47.745918172482625
696,39.295198375197096
697,24.96803270824637
698,25.486926419730658
699,20.582515232979148
700,17.05951300088817
701,18.29115741126718
702,41.85505543131291
703,45.504122350347465
704,47.666067489671924
705,47.878332934028045
706,47.00990745260825
707,46.37783398900359
708,42.984294572373706
709,38.9088553455394
710,40.65765887472032
711,41.16314759420897
712,41.70005769578627
713,40.75114240816086
714,37.20411663584776
715,44.88294688989375
716,37.396599077156075
717,44.871019338369614
718,47.20931998508206
719,26.257995500549104
720,14.03204492623435
721,13.172032537169937
722,10.800875971976739
723,45.85211954189979
724,44.6294853258244
725,47.60471065275801
726,46.627152887704575
727,25.03953040120517
728,17.086102961273998
729,17.31326494361791
730,11.815139444991566
731,44.05166245454921
732,47.54268535215678
733,48.47769183112883
734,45.0427448732641
735,13.18013748660986
736,14.260864024438485
737,12.856980581272616
738,13.87091069855466
739,9.068386235942462
740,34.79479583868215
741,43.46573607304533
742,48.1018770506902
743,48.16764680536505
744,48.47600908822316
745,24.479588601993008
746,17.30224362583152
747,21.875264754925617
748,21.362274527972463
749,17.630013823911753
750,17.226390677586533
751,16.093775553128065
752,41.92350502092187
753,48.89581075334397
754,48.69723740219103
755,47.46103474574135
756,46.975796874684754
757,16.651341957436987
758,17.235415938074347
759,14.828297427133393
760,17.627996656268454
761,12.386378616814177
762,21.98288540338753
763,44.83374329977785
764,37.23031155227018
765,39.788139435110885
766,49.13847393812492
767,48.626020654728514
768,41.38302896812765
769,22.506183542947138
770,19.302524127629987
771,19.852001387474175
772,31.48330354445268
773,46.704143160875454
774,47.50638139991615
775,46.8343746445064
776,46.176914202489904
777,45.76546865816391
778,41.801116038410605
779,37.44372116047817
780,48.17876698623541
781,48.38321351681861
782,47.77071910676411
783,15.022711446426731
784,16.565085864642075
785,17.456036420884622
786,14.154108414519367
787,16.64497161452109
788,10.745177238536705
789,24.140813660248895
790,48.481535242387004
791,48.421247014196226
792,47.3858830377581
793,47.96359941682028
794,23.226771361601408
795,21.94173919823023
796,15.66093464134927
797,10.541318349278033
798,22.155680896917783
799,47.01571688834351
800,25.7779696809803
801,13.583714354357882
802,16.272468781552313
803,12.313094679109982
804,14.573184296909226
805,10.509277748089279
806,38.25581026965843
807,44.20900477067901
808,48.10447241474048
809,48.119757059486666
810,47.599563549881346
811,47.273433420796906
812,28.417392651120714
813,14.4589118447242
814,22.668835233923183
815,19.748585607500505
816,18.13203716064249
817,43.65236536331561
818,35.60193156915745
819,50.30543175939159
820,48.662813687811756
821,23.185904611480403
822,30.342643532093945
823,26.629153152723838
824,23.29737606660546
825,24.45901346711034
826,49.51699860710587
827,49.02962624510214
828,33.525474621537995
829,28.46560983620288
830,31.12122377693289
831,27.06079696586685
832,41.10817751871295
833,36.441762958016604
834,46.84723440239703
835,47.192188502267406
836,44.38851657886176
837,42.83503423867644
838,39.9034820708433
839,38.492797726328426
840,48.85403753060727
841,48.782124217080806
842,48.13237665972833
843,35.198481544659366
844,26.633992083784776
845,23.007625424438864
846,29.00876953526201
847,41.4829277289665
848,48.696499256179465
849,49.0129745380253
850,48.60455887995336
851,20.869475234962255
852,24.429702822459355
853,26.074983879903165
854,23.01841390154487
855,23.951347071945417
856,21.00377951077369
857,42.53244020059382
858,46.881795766624315
859,48.48114026252049
860,47.38805438846845
861,46.804489351655704
862,19.195051433805645
863,26.172987288068548
864,23.376078234077948
865,20.663887252878734
866,26.727651118690773
867,46.6090155095727
868,42.74028361275051
869,49.62288553176392
870,48.26336952874144
871,27.247116080875667
872,29.34576705379679
873,21.87070618235744
874,47.01795862577585
875,47.43025203638165
876,48.500117199149834
877,48.37051667850897
878,46.33594252686549
879,18.92523258022069
880,12.791965604332912
881,11.162710242916877
882,22.510562316913354
883,45.050102899610984
884,39.104053943969326
885,48.55070199363859
886,49.070501413615084
887,48.700860032088976
888,48.58300914742255
889,48.17405064886875
890,41.2875054243327
891,25.796186194223978
892,22.581136418757254
893,22.97612504836046
894,39.398331000616594
895,47.810606763297486
896,45.19190820245726
897,43.357439557990595
898,45.78456735436705
899,45.13321718064064
900,46.2923940834492
901,47.91517073258995
902,46.97327506676096
903,28.429278042565052
904,15.84567067396001
905,19.623956030550566
906,21.573988362388384
907,20.269470260619503
908,16.572070649555037
909,15.957881766243235
910,37.87080747082563
911,44.741346691436036
912,46.888096638913645
913,46.932702748267026
914,46.28235101327895
915,22.808985074154744
916,21.98265259376421
917,16.373507626165374
918,18.67406192431109
919,14.586901641468675
920,47.67821939083273
921,48.42291045910684
922,47.33228869015857
923,13.906838553711586
924,19.944002741183578
925,21.75394015452445
926,14.751410411069447
927,18.514115030110162
928,12.71580975491418
929,9.58421832882473
930,21.811646751313937
931,37.44808381463726
932,45.52823882342505
933,47.922388158617025
934,14.300342097159938
935,18.14997799330626
936,17.94834558095129
937,15.70431700134058
938,12.065263822580327
939,20.66601965930373
940,44.400516223254705
941,48.93738405794893
942,48.97575896579216
943,47.46332362153184
944,47.15493973634968
945,28.49360163618026
946,15.418356595561688
947,27.374617386885067
948,21.77008435038133
949,17.386366887082183
950,40.79372110745308
951,48.535634338454194
952,49.081814107759904
953,47.015014717945235
954,42.80905771894289
955,24.60724809704138
956,23.660157420866014
957,18.084487093066123
958,41.50050162088946
959,37.62424951007064
960,45.27921219821855
961,48.17093137899533
962,48.3338948188424
963,46.85505171959198
964,47.563132020641355
965,47.288998871773366
966,47.72164353986045
967,43.954143302677075
968,46.38189106523363
969,42.487714215106585
970,39.67804814217933
971,39.09245523022104
972,47.08128218481145
973,16.050646897305192
974,18.932518987113383
975,27.473614469754377
976,19.639365646913713
977,16.64782229924054
978,16.571212633810138
979,14.452577686348876
980,10.648109565215083
981,23.443613959055668
982,45.30350198142549
983,48.59946740401221
984,48.49449871947842
985,47.0693746253172
986,20.321852465621138
987,19.251496974844574
988,17.1086470575813
989,11.012418619789749
990,36.67332254911316
991,45.403127709595125
992,49.0866116656179
993,47.74387392571559
994,47.152478215642965
995,46.77606389770231
996,28.62543631161702
997,15.53332523723565
998,17.290470650983732
999,22.50121811411516
1000,18.289266031662038
1001,15.625823329081452
1002,17.606982636111077
1003,11.694935484421025
1004,21.486123028834882
1005,45.373223406488144
1006,48.86260067591574
1007,46.899127971581905
1008,45.42511081649983
1009,29.356466530488543
1010,18.280373029172395
1011,19.229530303743402
1012,12.752977014248412
1013,10.619702859315442
1014,44.474873825781785
1015,49.03666126370975
1016,47.642398741556896
1017,29.804132709394786
1018,18.526688515898975
1019,27.633489000541854
1020,16.92204859787761
1021,17.582028133690812
1022,9.808271296133913
1023,38.05908126795723
1024,45.40019206201756
1025,38.55535792311706
1026,48.93387806345195
1027,26.637412463164456
1028,21.654322887094054
1029,18.362708664229938
1030,20.721483757111077
1031,19.012898110322432
1032,18.201160937495402
1033,41.81169597310774
1034,40.46655496560596
1035,44.849563028939436
1036,47.94572874635361
1037,48.29744343002699
1038,43.86593224502042
1039,40.846387362298415
1040,42.14753161447353
1041,38.779695158363985
1042,35.9394426938291
1043,33.07344410561618
1044,45.78820573566289
1045,39.15995581735824
1046,32.88011442079083
1047,48.22406553699
1048,47.00937764616754
1049,47.47945901667734
1050,27.77943613309789
1051,20.416590227549612
1052,17.88088311265878
1053,9.57616146424673
1054,45.48079327753022
1055,48.41996933167301
1056,48.17302334274027
1057,46.68873764188967
1058,45.01198680510389
1059,13.76833736650487
1060,24.556122987338238
1061,20.343782479872804
1062,9.661470069096861
1063,39.64756082143129
1064,46.30957121191036
1065,40.86248825438965
1066,48.58796449684275
1067,47.50667202017856
1068,48.38986213160393
1069,47.15089905332082
1070,46.52243377765567
1071,44.40300964940682
1072,13.077822911775293
1073,16.106952131692054
1074,13.878737245347555
1075,21.460377918659823
1076,39.146859998815366
1077,48.66256149654772
1078,45.241259410366375
1079,13.200944853308357
1080,15.70098966562962
1081,15.02047146963271
1082,15.172919650143903
1083,11.38261418862852
1084,43.45010288553981
1085,39.73243334325387
1086,44.941803909363976
1087,47.539833658570466
1088,17.43898975320413
1089,11.720749004422428
1090,38.085596612318525
1091,39.78968041980192
1092,48.879859404727426
1093,48.32985711166238
1094,47.06947629128712
1095,39.72007569662316
1096,25.021962598395852
1097,21.202352487864164
1098,15.5777588487846
1099,17.2137473797496
1100,17.61296367183941
1101,31.854268530671
1102,40.09666826150174
1103,37.6728640409579
1104,31.980942148789488
1105,31.467464047100172
1106,47.0531899061482
1107,46.74542749387937
1108,43.342110811033514
1109,40.215018200466915
1110,40.73591966824677
1111,38.56359297857336
1112,36.71410610865929
1113,41.30559960822816
1114,43.824894808703476
1115,48.71637011262096
1116,47.72414264569072
1117,47.22084905966824
1118,24.54499138558557
1119,24.7724785254552
1120,40.07012687028446
1121,40.00714229349855
1122,44.349296584213626
1123,49.21717552853976
1124,47.422389932534635
1125,27.994755701950194
1126,27.021831950463657
1127,26.038316391167697
1128,26.98008763206195
1129,38.02094559164855
1130,44.10115759439457
1131,47.26916544551752
1132,47.009571323931986
1133,45.593437368120455
1134,33.96884592821136
1135,21.335515693764275
1136,21.47010936879378
1137,19.751707286185344
1138,20.106370185654235
1139,13.424150928670953
1140,44.98669466579638
1141,40.374951523985
1142,47.03676377618332
1143,48.605633177337545
1144,47.63419820009396
1145,31.448384083083734
1146,20.965663012438355
1147,19.899102790786024
1148,46.195247583667616
1149,44.30174245928556
1150,20.38614899310691
1151,26.330774609187632
1152,26.82026585297013
1153,20.00818911655734
1154,20.460889183465078
1155,15.054959778909465
1156,15.516965320232952
1157,24.962648235596106
1158,38.38737431796087
1159,35.478284722215015
1160,47.21748405143959
1161,47.32863592489909
1162,47.90665757139096
1163,47.69763466641135
1164,27.521210228378806
1165,21.59894170733809
1166,22.24588431395916
1167,20.783048017655226
1168,44.51328895797557
1169,46.81155449618855
1170,45.79399688311762
1171,41.82323010228908
1172,37.46357650263247
1173,35.222600216443674
1174,45.61044590411539
1175,47.71155006253192
1176,47.728080713809085
1177,28.254950656328504
1178,15.738380771451311
1179,19.658533064506624
1180,17.797055134016876
1181,18.69648439156074
1182,12.645907545012044
1183,45.27958039589448
1184,43.47404263392647
1185,46.96575644125165
1186,46.236505964485026
1187,45.772956173674764
1188,26.13874876304818
1189,19.471242693348387
1190,16.132516143243834
1191,19.08510657514423
1192,36.04411939093173
1193,43.64272526625633
1194,47.46215445083009
1195,46.86618306274783
1196,46.531769929869235
1197,43.524876826871825
1198,26.122506229506374
1199,42.74328873686518
1200,48.3193289995229
1201,47.64648697284516
1202,43.4961794926246
1203,14.297783292499602
1204,21.118587706098396
1205,16.331663259701998
1206,17.047749839712033
1207,9.3916517122118
1208,20.578183919714345
1209,35.6154125913416
1210,46.76373080188328
1211,45.06974364379665
1212,15.312660897041496
1213,15.880162159912267
1214,17.17314052807412
1215,16.240144321893176
1216,47.22562584076605
1217,48.08770051556896
1218,47.43744120534897
1219,40.933985383398294
1220,26.06075236799781
1221,23.395983805112145
1222,19.469451997135906
1223,20.70421834334894
1224,20.846461000288382
1225,17.201858652977762
1226,18.42469487138757
1227,40.39628556421864
1228,34.50229869585121
1229,36.8927420332658
1230,47.48529241890531
1231,47.85605631343178
1232,41.958292352219395
1233,41.22009701835988
1234,39.91428009475218
1235,47.34738271229079
1236,14.864698778756122
1237,19.769603343449184
1238,18.149755641664253
1239,12.801642299024088
1240,22.899087085061336
1241,45.4689117970825
1242,41.24604338833785
1243,43.62175699016894
1244,48.502889353000405
1245,47.28885694949516
1246,20.28647074856267
1247,27.092946853370492
1248,26.14674692411205
1249,13.87721898926726
1250,44.78222022453243
1251,48.499497589583015
1252,47.43107379313592
1253,47.10813851880168
1254,24.053446445426893
1255,15.695159837904026
1256,18.847868948053815
1257,40.332478647140384
1258,46.87695162730919
1259,47.143999800543746
1260,46.734106558477954
1261,44.72241118997983
1262,26.966418433284005
1263,22.754776952639105
1264,18.753165262419333
1265,18.56522422480972
1266,16.414801870533392
1267,17.734397979006758
1268,22.25179457830074
1269,47.875001368279676
1270,47.686055045581476
1271,48.18801900973778
1272,44.8546337235342
1273,14.308592485720865
1274,19.44049799212398
1275,18.964328337787318
1276,18.76359125247711
1277,12.007019855069796
1278,21.786670856190465
1279,37.80589272605187
1280,44.924302689136574
1281,38.48681981665948
1282,46.04890129655914
1283,47.301955643076624
1284,47.044867227271155
1285,26.875064989441796
1286,22.840570583003704
1287,22.6751399008483
1288,20.32888381310742
1289,18.833830304632222
1290,36.43075600144112
1291,48.03646583102778
1292,47.11098849340207
1293,44.11501756522289
1294,42.06821042316745
1295,43.434243557833014
1296,39.69176361692276
1297,36.60264454896845
1298,44.8697642338446
1299,47.27871663298594
1300,46.78414843115155
1301,45.19544190233581
1302,21.438824657175243
1303,14.25181648850959
1304,22.96642537142835
1305,48.18426039520985
1306,47.65979471733687
1307,48.019407080702216
1308,47.50257499280036
1309,26.098486104305195
1310,16.644142664153755
1311,24.485823882425386
1312,21.152568482073832
1313,21.2949631938413
1314,11.059283514111154
1315,22.45130002021175
1316,37.76964702450669
1317,38.75829348405895
1318,43.169559696529994
1319,47.91127962572426
1320,47.36251768693758
1321,45.05441358751886
1322,19.770196767609995
1323,17.935413010755433
1324,19.651395257449902
1325,23.37514226668367
1326,48.453815945936725
1327,23.06534797628409
1328,19.868338512583712
1329,17.923395594426225
1330,19.349091105635107
1331,12.873554234676794
1332,23.61681483656722
1333,38.85068838780081
1334,37.78563948313549
1335,48.08993756356171
1336,47.009822489188444
1337,45.34621990866457
1338,18.05051640957562
1339,19.257407632034614
1340,17.943473744408315
1341,18.07417543808975
1342,49.484515237650264
1343,48.1752196118041
1344,42.15758311408047
1345,28.45196002958096
1346,27.02020637402833
1347,20.610344079064625
1348,19.967767901027102
1349,40.72932916012149
1350,35.4588122285568
1351,39.731149717665524
1352,40.17131071830619
1353,38.79431307067288
1354,39.839050408828584
1355,37.03792565573696
1356,42.05592205778487
1357,36.719538441709794
1358,47.23177209694715
1359,27.40495622046926
1360,25.523533323733346
1361,24.08940436132746
1362,18.77012828797558
1363,15.251665919025884
1364,16.69703459088023
1365,12.947392825036928
1366,12.005617780402254
1367,41.16978168917514
1368,47.708871899737396
1369,27.477665340092003
1370,23.74462699061148
1371,16.228317941297114
1372,10.70688101627127
1373,39.16742524156758
1374,47.54025749937906
1375,47.849659837965845
1376,48.621645021544744
1377,28.412016312524067
1378,18.99994349076778
1379,41.975020650478946
1380,43.257152223547486
1381,46.98252835060327
1382,19.848952314132372
1383,11.196501761504495
1384,38.0921633004837
1385,43.90192477636839
1386,40.979728635792185
1387,47.73962252090573
1388,48.2148931411381
1389,44.96588520020591
1390,14.229831338348475
1391,19.006706252381043
1392,21.707450056839562
1393,16.912315281415754
1394,16.61457510081559
1395,15.235401115322286
1396,43.627273374069695
1397,47.89981496165167
1398,47.753571183165555
1399,47.90472244173507
1400,22.748137649884704
1401,22.93628490777506
1402,46.92528517704054
1403,46.09251559512891
1404,45.94395948120353
1405,43.23034360668712
1406,43.942501902194785
1407,45.11683490996291
1408,45.11940437774061
1409,44.273611084902456
1410,44.49025852671391
1411,45.52525741949176
1412,46.66278213940395
1413,46.683004283911494
1414,13.468859967730719
1415,26.406315239907237
1416,40.5947107768794
1417,45.982683295847025
1418,46.01872082235359
1419,46.050024935658
1420,16.479278713744492
1421,20.707370616815084
1422,20.278511351657375
1423,16.81334246779599
1424,16.914340873850534
1425,12.685503793595005
1426,11.866808642542159
1427,25.515281433022516
1428,40.52586077907949
1429,46.648110331202396
1430,47.11533669386866
1431,46.426490890254236
1432,45.85337736202539
1433,44.34311194245307
1434,21.737266825653165
1435,17.549510339833233
1436,18.324328051997327
1437,18.223523482154434
1438,11.414393096077319
1439,22.87275607117897
1440,37.7520359425539
1441,43.72132937949936
1442,47.696678456361745
1443,46.44989408420313
1444,44.38812872666121
1445,23.972607075393988
1446,15.99568096530848
1447,44.44788003655578
1448,46.17857228032215
1449,44.612164773843666
1450,23.784113342488066
1451,11.900249771218373
1452,13.821662563412673
1453,15.54235715598296
1454,10.331499798102634
1455,37.39790328689014
1456,38.1074857413071
1457,47.79356630567745
1458,47.93307860508384
1459,47.054084915956004
1460,22.766551306777338
1461,16.96889643147409
1462,18.57994228272006
1463,36.76922771443662
1464,45.75525086827873
1465,47.40097730321485
1466,47.13877146034009
1467,46.70447663319782
1468,42.91632766655459
1469,42.071529229890125
1470,42.23391732642982
1471,42.58859406052937
1472,46.50459104257468
1473,46.27637840935997
1474,12.494107411680485
1475,17.049190239196243
1476,16.45956851225982
1477,10.89068335936063
1478,39.73848252000398
1479,40.89652670361407
1480,47.04839095668153
1481,46.67181534245949
1482,45.98364429870377
1483,24.474575625491195
1484,22.935781343980246
1485,22.964723300779582
1486,19.436240488538573
1487,15.161072984764395
1488,12.33775092558093
1489,11.505813930776016
1490,23.32798905991737
1491,38.077743024122086
1492,47.41114789485743
1493,46.81172423500916
1494,46.15389602771843
1495,43.1290213396944
1496,18.790308611833478
1497,17.250056598414286
1498,16.966360550467222
1499,10.706724423405038
1500,22.298114314432162
1501,37.362347885172746
1502,44.5041442462134
1503,47.92184575030558
1504,46.34515730669607
1505,44.37436946969039
1506,12.454400364838914
1507,16.77251087694749
1508,19.180219661805268
1509,18.11581480790975
1510,16.570334690735578
1511,12.053874264898601
1512,10.857326334930221
1513,36.97884888896976
1514,45.094275124352315
1515,36.966087155776115
1516,44.61273595334278
1517,17.79694305961998
1518,9.258468573604777
1519,36.519517585351906
1520,35.39650957707871
1521,46.89156857764018
1522,46.29644770289
1523,25.749288609167664
1524,20.187756774203375
1525,18.46380498287279
1526,17.261834572919263
1527,17.86113495203704
1528,39.64509108394113
1529,33.1421392857986
1530,45.12733638301247
1531,46.45879503251137
1532,38.28412395491356
1533,38.31933097755989
1534,43.05472926242246
1535,43.01949699428541
1536,34.1730147351782
1537,48.05236635588161
1538,47.28349068406062
1539,47.47181806916408
1540,46.9088895703591
1541,44.35829854030126
1542,27.750906041673304
1543,28.94553440708327
1544,29.969357781165165
1545,28.22258838784508
1546,29.200234625774666
1547,39.606498318129816
1548,47.16457782861369
1549,47.11370684356638
1550,46.16442734424192
1551,43.851001903219895
1552,23.404956672634185
1553,20.462364411099834
1554,18.592252118897633
1555,16.312343316003844
1556,10.599261366704424
1557,23.071771420000616
1558,36.376454504182455
1559,47.62621183979673
1560,47.4287790432661
1561,47.138067038977404
1562,46.718123205518545
1563,11.83268945108846
1564,19.535715294706595
1565,11.383845067657628
1566,11.195414126137
1567,23.130239787300503
1568,44.58016612318548
1569,47.36417072499632
1570,21.294882118538425
1571,20.315787962382686
1572,16.94705275752305
1573,15.594781266643507
1574,12.134267539598167
1575,22.919121516543413
1576,43.87173189893793
1577,40.839664419077764
1578,47.72684342804282
1579,48.18841463361292
1580,46.61980323027395
1581,44.37749148337131
1582,22.272154281383898
1583,17.017312951880108
1584,14.752200680908459
1585,10.145737501691125
1586,36.20949005747268
1587,42.44532001767189
1588,33.592585816991125
1589,35.93878808616153
1590,46.33917961455318
1591,47.543481622122385
1592,46.97685636711173
1593,40.64974943975198
1594,27.61039913119634
1595,19.931449293189072
1596,14.94672788816511
1597,32.82773567475649
1598,41.913224462844916
1599,35.05163967255729
1600,45.04410560716844
1601,45.67335048246026
1602,45.06789566250996
1603,45.28134666248804
1604,39.87555016095089
1605,38.732448785014604
1606,39.86507445864493
1607,37.64877610597907
1608,34.48094825553694
1609,46.73698287769939
1610,46.454655298695215
1611,46.095062139722636
1612,45.482061530810974
1613,16.85311226325533
1614,18.36275297660633
1615,18.34967231529474
1616,16.2960456364863
1617,37.814951873111
1618,41.51748271885724
1619,46.95799565654765
1620,47.11903355729286
1621,46.3133302850079
1622,46.548585878807835
1623,45.76082077755773
1624,44.08965832944518
1625,26.299706823613754
1626,17.047319016086753
1627,25.159636710981793
1628,22.112676298518508
1629,16.538935726448212
1630,10.89387981853205
1631,47.68236867313227
1632,47.5365026403562
1633,47.033668486178016
1634,47.28762173970099
1635,46.10926198692405
1636,43.90661367029876
1637,14.526643486226686
1638,22.6375714896147
1639,22.302052497916897
1640,17.02896947862524
1641,10.114276125230061
1642,23.083395968340113
1643,37.816870606109006
1644,41.305788336390115
1645,47.26073437310996
1646,47.80072394283955
1647,46.470551932745316
1648,24.16419535705718
1649,16.900881865548985
1650,18.167772019333064
1651,16.46880591987422
1652,10.454987599134629
1653,22.99269892521755
1654,37.9479440873776
1655,35.827730619985054
1656,47.47731712607814
1657,45.155680427476874
1658,14.997574169017852
1659,22.979036601994093
1660,19.94775214754474
1661,16.52645317544026
1662,17.831760397314902
1663,18.72769858213839
1664,17.54345518108976
1665,34.79247567262897
1666,46.94788155778617
1667,41.60224560486454
1668,27.772235007740605
1669,22.58036945224351
1670,22.9059582629843
1671,17.37073403313793
1672,37.16459295083731
1673,34.25603994774583
1674,31.86786043403185
1675,45.076209985992946
1676,47.67200452407605
1677,46.77903691536368
1678,42.344219576871794
1679,43.70211046478015
1680,45.2360111365817
1681,47.64762596164544
1682,48.47331370036443
1683,47.706984692481754
1684,36.877818569380565
1685,28.082358434286064
1686,32.511028050393385
1687,29.334914990502988
1688,30.64651352725819
1689,28.83056429361493
1690,22.402998952465254
1691,27.907108354484215
1692,43.90793531684292
1693,39.91069175295047
1694,47.50618277545631
1695,46.24839339701504
1696,44.46458003551067
1697,12.61087649725351
1698,21.28026419834637
1699,19.008135147134144
1700,42.47114476975424
1701,45.19815778260707
1702,27.00946475863626
1703,11.813433039795278
1704,12.442850381094242
1705,20.249164305421296
1706,18.13608856204106
1707,12.295716054738936
1708,23.708451971853943
1709,39.74962240969078
1710,42.23512774114922
1711,48.67092583804193
1712,48.16854669399465
1713,44.554200462224564
1714,22.39172352931631
1715,20.369270821821093
1716,19.836949724416492
1717,15.46027054804719
1718,44.56722745323135
1719,41.50170145722666
1720,46.965548501529774
1721,45.918719192138035
1722,43.24928966364835
1723,25.21031412896722
1724,15.515443009448557
1725,16.134493728913654
1726,38.74456072026198
1727,44.29609097227369
1728,47.71003639038677
1729,39.88688275698149
1730,17.493359977411952
1731,15.86152231328983
1732,43.53949283861859
1733,47.87619658212008
1734,47.749215228078015
1735,46.909874692473615
1736,42.25677723261883
1737,39.79579070647834
1738,38.2946295503821
1739,41.31482469594248
1740,45.501697993011966
1741,45.98661573290911
1742,38.862439700845506
1743,44.70052697542031
1744,36.37735771725241
1745,45.529758619742545
1746,13.54038366846898
1747,17.327242363321094
1748,24.124406604118484
1749,39.73766962360297
1750,39.90560428376769
1751,47.64692666466292
1752,48.304192246838966
1753,15.550459214873136
1754,23.54522014331264
1755,20.855836690159023
1756,17.780664756436956
1757,39.66851395743266
1758,47.65857892923591
1759,47.498980593174316
1760,47.68821854919275
1761,46.91159059885551
1762,44.56039990338673
1763,15.23591150609345
1764,18.324504129365533
1765,19.91250429302719
1766,23.564619996323337
1767,48.80938601229306
1768,47.924669221123416
1769,47.080981808882704
1770,24.8484122775508
1771,19.130915723731672
1772,15.300628378890995
1773,48.14837695050766
1774,47.1503191052971
1775,47.56297856466093
1776,46.32919537861294
1777,45.73273957871806
1778,11.888015967739761
1779,16.17645549476522
1780,17.471094271077508
1781,16.77409468612177
1782,20.524219725974337
1783,36.727479924801926
1784,44.298167001320984
1785,44.540435120594935
1786,41.1769831396383
1787,30.399637795182922
1788,23.093260971213063
1789,21.32417196970392
1790,20.277738798651335
1791,27.062918754763736
1792,25.93340217370043
1793,20.552306909145095
1794,39.71455535928368
1795,38.228675958875826
1796,35.65814789114613
1797,43.461641213320426
1798,45.835816695573534
1799,45.91255055770302
1800,44.33647045631107
1801,42.20063791921419
1802,43.40145855256432
1803,38.96670808990338
1804,41.93232324676524
1805,42.40971019434516
1806,37.164904040406384
1807,44.18250984558967
1808,43.99792202069818
1809,46.18211406361905
1810,46.27901260277793
1811,44.97479878868719
1812,44.887989927556255
1813,41.63386454524859
1814,15.190643334400097
1815,21.538567056556204
1816,22.625482338541634
1817,18.093097674135244
1818,24.828978220528775
1819,39.69302772306709
1820,41.81479709714118
1821,47.38731632315931
1822,46.395199305676854
1823,14.904665155642729
1824,17.24625326978728
1825,25.971883627412154
1826,21.330186878967986
1827,23.702524463439175
1828,24.11624623881213
1829,44.23107542228048
1830,39.088576212242025
1831,48.31092856401494
1832,46.190184998752024
1833,44.07127457072276
1834,32.15456141357257
1835,17.117202862545206
1836,22.66956173138098
1837,23.570306311793434
1838,21.25963288980217
1839,20.860781288408965
1840,22.69062702846191
1841,36.769714326483154
1842,39.01910458495329
1843,44.809793968985396
1844,23.919725705105932
1845,20.07118040308222
1846,20.945508718686064
1847,11.766400867290425
1848,38.54911255398188
1849,47.82781143158
1850,47.162626525536204
1851,44.949541680802135
1852,19.986418869902714
1853,21.8698737989195
1854,19.76733666054116
1855,20.878854368124415
1856,20.49262075522916
1857,36.70054237383648
1858,33.96565572735309
1859,48.305612534087935
1860,47.55176868493135
1861,26.155583549469462
1862,26.443034097665393
1863,23.41907336348125
1864,23.681860263090556
1865,47.72982662282583
1866,47.97810424752067
1867,46.5071689900572
1868,43.43344175382976
1869,43.21781637178838
1870,38.72140708783781
1871,38.50793938306102
1872,41.93103649539651
1873,32.764536940357516
1874,47.02088271242316
1875,46.77341335835602
1876,46.50463237534733
1877,43.78866307996971
1878,25.117484192689798
1879,22.316713848246742
1880,11.526636927195742
1881,48.329474284547445
1882,48.65788303182871
1883,47.92013969977396
1884,47.902261376750864
1885,18.41248895159289
1886,25.380099435867695
1887,23.589078184865834
1888,22.225158442279017
1889,23.1793865677668
1890,48.103275966345215
1891,17.85985571188563
1892,27.990209352208357
1893,26.362331342353066
1894,20.602734122043856
1895,12.266275839907626
1896,47.663246006763366
1897,48.488253510592
1898,19.172643199530977
1899,21.058081978567515
1900,13.107215461013936
1901,24.659254525896564
1902,39.49296216449496
1903,49.20341182677429
1904,45.42006097283013
1905,15.860751305780173
1906,19.058228742334382
1907,19.621963035580936
1908,22.146477798867803
1909,18.172122877162817
1910,23.412247777387183
1911,48.09542614410102
1912,47.16303548044477
1913,29.063866689555553
1914,25.292582194012102
1915,26.97990750102833
1916,21.823089359332332
1917,22.283963646730705
1918,33.41762046876284
1919,42.251822487559274
1920,39.14434215451272
1921,47.68431005139385
1922,42.875123117861385
1923,38.491152976506406
1924,38.91034595811402
1925,39.99357751612988
1926,40.95672100467966
1927,45.003711358413646
1928,43.26210224398383
1929,46.628496949008714
1930,33.97917507269574
1931,15.185898183534908
1932,21.793777522044955
1933,19.564273142383435
1934,20.71969655298622
1935,18.986292550720613
1936,44.87813366618994
1937,40.29318050684488
1938,40.90986940533036
1939,47.18200244318397
1940,46.702913952884195
1941,44.797949779789654
1942,34.135648895488906
1943,15.479428111689785
1944,29.554381041077015
1945,24.038679540964353
1946,16.11277121984329
1947,24.427808849381677
1948,43.84242850103043
1949,40.48215369554541
1950,48.66716102386218
1951,46.4498280072851
1952,43.920754362861665
1953,32.48189494458012
1954,18.735995979180014
1955,19.05095606124805
1956,19.499465426282196
1957,15.474725991731393
1958,12.633310520272403
1959,40.25618900896122
1960,46.482835821654696
1961,47.807327701752854
1962,46.66550149431881
1963,47.67735523146056
1964,43.99787098971166
1965,24.51058191501339
1966,18.701745528838643
1967,44.50681278939022
1968,41.948286019947794
1969,48.25417572772127
1970,44.0488547655356
1971,16.48956164098985
1972,16.581382856784415
1973,18.39541890536541
1974,17.021524708606005
1975,11.46073313787181
1976,20.086982337003985
1977,39.51781234858673
1978,46.92576265141502
1979,46.346869424516534
1980,47.29919151606321
1981,45.51136083134259
1982,41.0724600976743
1983,28.13359243767487
1984,24.346982366958404
1985,24.08686081736611
1986,22.019484451115616
1987,18.6909889471075
1988,38.39926027655823
1989,44.52407615063944
1990,46.538059942305686
1991,46.97546781157056
1992,46.096603206090634
1993,43.82618392626157
1994,39.665726162325775
1995,40.11585830410508
1996,37.96828154242261
1997,37.58996655407354
1998,47.60914062186401
1999,33.68212335775005
2000,20.57198953527863
2001,21.758143332663593
2002,21.730551895656923
2003,17.197005132784792
2004,24.851444030432628
2005,43.62729844595615
2006,42.84188808882851
2007,47.847205597837856
2008,14.400564058794203
2009,17.743747906727265
2010,22.527464712574524
2011,17.252262921235918
2012,13.058581584770854
2013,16.030467954151526
2014,19.778841148645554
2015,17.930768129498944
2016,21.346951696035454
2017,16.192217613688918
2018,36.018132535620786
2019,38.288199999976136
2020,40.883513649318054
2021,47.7238691150556
2022,47.5559913026187
2023,47.46785361629265
2024,22.615850958761474
2025,18.68227465799972
2026,19.474821205165536
2027,19.434106347115865
2028,15.690169475226897
2029,43.81340186195006
2030,36.874513365432016
2031,42.076924083824665
2032,47.46629182917706
2033,44.93313820125243
2034,19.45021232926255
2035,16.548139389913544
2036,15.93947666924359
2037,16.72966812555805
2038,9.495479230001878
2039,47.365743613882096
2040,46.467222718745525
2041,47.18819937817175
2042,28.916607071342845
2043,26.642387300451354
2044,20.086669577153256
2045,19.741881771784257
2046,42.553846007931504
2047,37.99771937536338
2048,36.64325003954121
2049,39.78336152431695
2050,37.246082523639906
2051,44.587227764236225
2052,35.470986861218115
2053,47.055183863444476
2054,47.135609397302524
2055,44.3624168744822
2056,18.17237103854506
2057,24.35212119582652
2058,22.294554808362072
2059,18.68272683472817
2060,21.323835227816748
2061,17.60645533407782
2062,12.295785155068263
2063,46.61079520347402
2064,47.11382766724645
2065,45.88998535564547
2066,17.175375895647484
2067,22.2437619976188
2068,17.257599968085167
2069,19.724830103299787
2070,10.942833000157947
2071,35.11609209574437
2072,40.20054159424625
2073,43.143931324589786
2074,47.43353286675244
2075,28.477411774872063
2076,13.67750109324908
2077,18.032002633222923
2078,17.606356311409243
2079,20.685225515893418
2080,22.43476909040595
2081,37.12432849069578
2082,47.249874794896634
2083,46.38413608290541
2084,44.52026223873448
2085,13.426510664276591
2086,20.992030144077706
2087,17.36319855387829
2088,19.705283279130015
2089,43.13063269577693
2090,40.12244428921597
2091,46.53459944292421
2092,47.133083845282634
2093,47.90525863739398
2094,44.60864501755909
2095,14.749890234195846
2096,20.967809728875423
2097,16.830118287840946
2098,17.16207253124392
2099,16.63759824226511
2100,12.207386714928388
2101,38.26431561248664
2102,45.734648608435336
2103,47.719412113991815
2104,46.90948861502142
2105,45.84733892096027
2106,26.876304168641383
2107,24.146174098540662
2108,23.145767848253723
2109,23.069479379558686
2110,20.909275341388195
2111,20.281702323103723
2112,19.93722537397953
2113,35.44978197690704
2114,44.564020991456935
2115,46.543457120795956
2116,45.89105622525173
2117,42.564356450230186
2118,44.00834631701455
2119,39.4474754863518
2120,38.184776487622614
2121,38.498966102166456
2122,41.985572837437346
2123,41.89559113991174
2124,34.768227123102015
2125,36.00983286547117
2126,47.67622903591178
2127,47.733751847411284
2128,47.429896233915095
2129,46.946894668801164
2130,45.59231626232126
2131,17.492462674267674
2132,21.91562399667516
2133,19.380099490624392
2134,16.85290021655078
2135,18.918613282595246
2136,19.501314550752003
2137,10.787565172146568
2138,47.448649297816104
2139,48.180298728473154
2140,15.403037601373379
2141,17.202802688166585
2142,42.00886594563677
2143,48.54428900248654
2144,48.48976266293038
2145,44.74861692492804
2146,14.626505273446433
2147,20.6124039517013
2148,15.260240520301181
2149,16.836703365697574
2150,20.214955728456452
2151,37.99037291873375
2152,42.394836323668805
2153,48.28107999524409
2154,48.34086915155819
2155,46.774898849149125
2156,14.29434350604464
2157,16.316650065056713
2158,21.55423295490064
2159,18.506862773682535
2160,17.87045278379514
2161,10.606158524819165
2162,35.98853449549676
2163,40.08007577061671
2164,47.53213669104562
2165,30.67871081285292
2166,14.206661217380585
2167,16.058260428775668
2168,21.2739802123675
2169,19.873726423316683
2170,19.990491552788516
2171,20.409157774441425
2172,16.6548871185881
2173,10.382018911063005
2174,42.14382598433843
2175,34.88001139100127
2176,36.87064490681676
2177,46.76567615857099
2178,48.326231835140696
2179,49.11940859093735
2180,19.751831596024225
2181,18.537167242326703
2182,21.817929996325436
2183,19.626678408952657
2184,19.300265966119415
2185,32.50836267483303
2186,36.34722230800543
2187,35.121239609692644
2188,46.355562868990766
2189,45.89485270608011
2190,46.136039261038015
2191,45.698855994963026
2192,45.3116215054765
2193,43.96980309973198
2194,40.13234980351081
2195,41.31000726810658
2196,39.16166202497602
2197,36.43813276626987
2198,37.92590142165948
2199,38.15608131354666
2200,35.80664642836473
2201,39.67039730068955
2202,47.474455723880844
2203,47.088124338578254
2204,46.15710680956963
2205,13.719122957436358
2206,19.398899294398873
2207,10.806856460245088
2208,37.762227431857745
2209,39.703418052401666
2210,45.385966654803774
2211,43.20675927945693
2212,24.083825288496193
2213,19.39239888624872
2214,19.748198762428444
2215,17.401233369449237
2216,8.28353758151855
2217,20.596144798665293
2218,42.13156745751504
2219,47.74008910281548
2220,48.17142428500511
2221,47.30119762834979
2222,46.80736056285382
2223,44.5857579426254
2224,12.985246672466339
2225,16.465927742863265
2226,17.19955544647418
2227,18.776030623935174
2228,12.33154357833418
2229,9.897140973082946
2230,22.74488976402153
2231,44.094221755382286
2232,47.101865694409355
2233,48.17853345101182
2234,48.57848824756659
2235,47.153052830047265
2236,43.958879723019884
2237,13.691680704051212
2238,18.143116501756737
2239,25.65439847895815
2240,12.932083370861093
2241,23.78677515783731
2242,35.905984954573185
2243,46.99917304704217
2244,48.39926493924212
2245,47.54423229984623
2246,48.25793612299196
2247,46.8467579125282
2248,43.819139374996574
2249,30.18088558566366
2250,13.346245714069177
2251,23.451896314997263
2252,20.58171984660948
2253,16.953276093740076
2254,17.254361658931735
2255,14.612711896048488
2256,8.368781216663168
2257,19.58436912228401
2258,28.43093478746882
2259,33.61580752837945
2260,47.53667571658051
2261,48.373922750199554
2262,47.51034408040779
2263,27.153201126905657
2264,16.00203863553395
2265,20.453784367574908
2266,37.278191521110436
2267,47.11190865130652
2268,45.67051426435703
2269,42.428326486457856
2270,40.96878334725994
2271,41.528293568867674
2272,41.46925968306142
2273,43.09424139287536
2274,43.57645421236308
2275,44.00047946898416
2276,37.06762451205932
2277,37.7692567159063
2278,47.47964053968042
2279,47.21195991010807
2280,47.62203448840487
2281,47.11059724390585
2282,26.672185088651368
2283,24.96859782627901
2284,24.665612709964826
2285,23.250670509315427
2286,23.883848972943973
2287,22.158662999289394
2288,13.283173490885002
2289,39.75465710748541
2290,46.20691328187049
2291,25.17311987730784
2292,12.391430633508055
2293,16.41150394027664
2294,19.670994825093565
2295,19.17274894490086
2296,17.29837881980342
2297,43.859258710999505
2298,38.73922617710153
2299,47.93535557344175
2300,47.05958946286511
2301,19.295908691480896
2302,17.403270990230602
2303,16.68528341788039
2304,17.51876442101247
2305,10.257595726846521
2306,9.024247786962265
2307,38.30771826872263
2308,42.20349520306693
2309,47.99626660913541
2310,46.677913795924745
2311,48.013219346203016
2312,46.902395562355125
2313,44.63924843597146
2314,24.863187430912514
2315,48.333694947268306
2316,48.89065549673344
2317,47.3517401731459
2318,24.21439238826141
2319,15.592313031451813
2320,20.42136767714291
2321,20.191162479697894
2322,16.5371479852238
2323,9.884037351675875
2324,17.969392145742408
2325,36.78606024790464
2326,47.44319502610207
2327,48.40037375146421
2328,48.18210517075401
2329,47.60729980356984
2330,47.195587062969715
2331,40.903829981632086
2332,25.195101948416113
2333,23.44763905522857
2334,17.275688538602985
2335,18.585304321067973
2336,14.656478760856457
2337,39.184266153929485
2338,33.509073199812796
2339,35.70965480556734
2340,47.53472186356323
2341,41.802124554172245
2342,37.82115965872551
2343,40.92000440255153
2344,40.060561954160235
2345,44.35682566253334
2346,47.71243194236535
2347,47.80402206830437
2348,13.994561589827814
2349,24.037327614292337
2350,22.611072250441424
2351,18.018157979666384
2352,21.89586960076675
2353,42.43787700352172
2354,47.16645175863601
2355,47.54285078304542
2356,46.90653460406106
2357,44.20306465101136
2358,15.442688051966426
2359,20.285891269624198
2360,17.798366460639187
2361,16.29016247524772
2362,17.477054036273962
2363,10.832331403131244
2364,8.749752302651753
2365,36.86678577315207
2366,47.726567687700346
2367,48.36537908745891
2368,47.352886410798426
2369,43.98527217855948
2370,24.199778776448333
2371,16.184470236015688
2372,35.61696285035685
2373,43.796729016443564
2374,48.61345979000415
2375,47.43536668406732
2376,12.44016632771703
2377,20.044751463153542
2378,17.820074507515713
2379,16.082565653865057
2380,8.859859653441257
2381,34.423965918588586
2382,40.11244334988906
2383,47.76616235771511
2384,47.11813823175877
2385,44.741338288634616
2386,12.68991675065161
2387,18.811289282701487
2388,18.145747944352664
2389,33.47247284420919
2390,47.04435908097654
2391,48.35465651593878
2392,48.51874492001994
2393,25.9418489830566
2394,26.44520198388296
2395,20.88507374495711
2396,21.909339779036607
2397,16.95473526675441
2398,47.873311659391625
2399,48.09175614002909
2400,47.89558154458089
2401,30.92251668218949
2402,31.459028489479593
2403,31.570667889408924
2404,34.92212649640913
2405,35.43820491955615
2406,43.84125790197827
2407,45.440092189247295
2408,37.428337130559726
2409,48.42045683763411
2410,46.956665266406766
2411,26.443425716903608
2412,24.799190578838942
2413,30.5393432677552
2414,23.994727631285162
2415,27.366621379713795
2416,14.433603496449436
2417,40.79689439708972
2418,47.687089751035494
2419,46.728386351312494
2420,22.49511634615488
2421,18.90763658190893
2422,47.54446267195919
2423,46.24457171940065
2424,12.341442894218986
2425,15.851357631679434
2426,17.13574187750242
2427,18.10931298976034
2428,18.565578083438414
2429,17.119688752451133
2430,10.076800228476888
2431,7.417735236296533
2432,39.49897451673962
2433,48.553228644824934
2434,47.34126344798212
2435,24.558853621969057
2436,15.454323212420105
2437,21.45617516513682
2438,21.82285015411344
2439,18.920164944137085
2440,15.198401115978925
2441,39.87892772440215
2442,47.60034670819625
2443,47.781069838816556
2444,46.88215173915172
2445,44.71832957769856
2446,14.926213465635222
2447,20.896956514229174
2448,19.934421503541728
2449,18.265298384224515
2450,14.13160081794913
2451,16.54085132954786
2452,48.82265225514544
2453,41.35372134089254
2454,24.414493947011437
2455,26.126410589169296
2456,14.921222228777072
2457,35.02574925986196
2458,29.98026282459412
2459,47.126135123361124
2460,45.412894068328704
2461,37.656466050817805
2462,37.398062334269
2463,39.54239833336974
2464,36.883293830639644
2465,34.04623005728866
2466,41.13271783728927
2467,42.45648430401124
2468,42.56297320806854
2469,47.38350576949484
2470,47.893372931412294
2471,47.49842193102632
2472,46.884109996404
2473,26.33675045555087
2474,14.852947670917654
2475,16.612501456673517
2476,25.422780532750345
2477,24.914445014630978
2478,20.06117883162687
2479,12.349498149017327
2480,11.294073755094695
2481,45.36809718400886
2482,43.85803022788189
2483,46.785237324798985
2484,47.46518364311991
2485,47.072141482213134
2486,47.21741160877968
2487,29.485486751120938
2488,34.21633906627422
2489,38.981766780708526
2490,31.646202151716764
2491,30.27441001476702
2492,31.69501531196564
2493,21.21908903504078
2494,45.31325012316834
2495,39.248889685817055
2496,48.452229692212676
2497,47.32655403890544
2498,47.78973808808793
2499,46.47970580779701
2500,44.67804427604107
2501,21.465565123797013
2502,18.39562853083254
2503,19.11824758312346
2504,10.116438302883699
2505,20.88945802985276
2506,43.18980177907864
2507,48.64912463162549
2508,48.672945889400786
2509,47.470472692458266
2510,44.56498668736
2511,12.64977597012073
2512,21.61736069231014
2513,18.62027089817201
2514,18.888388752935022
2515,19.830306632232062
2516,16.37727786275981
2517,34.694421171812785
2518,36.2288924413869
2519,15.726911233387
2520,22.89385197132269
2521,17.861472197887093
2522,21.16310961560872
2523,11.09371696162494
2524,9.796605625254841
2525,19.143172534871447
2526,32.99275452564849
2527,43.46513922220843
2528,45.512659216150205
2529,48.393817188687656
2530,48.79490766643984
2531,22.48772387679495
2532,26.43557344226017
2533,18.539497476717468
2534,17.705226216065093
2535,31.791771182005782
2536,42.13047362214593
2537,44.44129566750615
2538,44.89899534225849
2539,42.31287995166619
2540,36.976391589984445
2541,36.79154904549461
2542,38.5638324604146
2543,41.89307423468507
2544,46.1555631029422
2545,47.319511078758396
2546,47.454510188318416
2547,46.79227737420967
2548,34.56191202866787
2549,32.31646473640043
2550,28.09833099361892
2551,28.06790209012626
2552,19.736111597433627
2553,27.77280320405348
2554,40.9654475709509
2555,43.70420473847455
2556,46.45359017106776
2557,47.57712181246438
2558,47.09890218326253
2559,47.053902227917426
2560,44.74853329423846
2561,30.098865731578357
2562,14.971180332424915
2563,18.485974199044254
2564,26.608061958004335
2565,19.87338077208178
2566,17.25553350825213
2567,37.22020116795495
2568,47.33714678110899
2569,44.80466118377835
2570,15.742398292603243
2571,24.48226154594777
2572,20.146941545549886
2573,17.91468020427462
2574,12.765652617549593
2575,47.97923790518875
2576,25.894221080810013
2577,12.765063006044095
2578,9.627459035957514
2579,44.39174302974617
2580,41.26808547518908
2581,47.4033789685924
2582,47.42713935396419
2583,47.86691086083678
2584,47.404742136833654
2585,45.3463597677684
2586,18.245480817238622
2587,24.449972930461833
2588,20.76187644359556
2589,21.81688163951718
2590,18.50789555679815
2591,42.05021660309394
2592,34.81037873571006
2593,43.597323118688365
2594,46.843356284227916
2595,46.0147358424826
2596,22.61604587746494
2597,23.39392310311361
2598,25.665294574246502
2599,23.346806100104338
2600,21.09714118457921
2601,17.76970739059429
2602,18.28613201679831
2603,38.95634219137095
2604,47.839904888450185
2605,47.92415862718325
2606,47.62462885156662
2607,44.04698242332851
2608,40.90792795018833
2609,42.85252674621734
2610,40.76510084668558
2611,38.294913164234636
2612,39.460381165245074
2613,45.092207673791684
2614,37.004074621809714
2615,46.743237818172496
2616,47.51481080932066
2617,44.293905263206554
2618,25.360199595620166
2619,14.947359732594226
2620,18.863745932437368
2621,26.54980432244819
2622,22.935390863114762
2623,19.497481485414035
2624,21.67902830635982
2625,19.754736697911703
2626,40.47464490745226
2627,47.40852651882752
2628,47.69245124646498
2629,46.63637155343032
2630,24.681226276308145
2631,23.50676027083184
2632,17.53754026454842
2633,20.973120369625
2634,18.211732546498034
2635,39.278274248522315
2636,44.4469674105233
2637,40.91858412439362
2638,44.879391090105564
2639,47.75110471576529
2640,48.58315514986594
2641,46.96733090059305
2642,23.94546184851392
2643,15.352522265307103
2644,17.875827969775372
2645,14.873831589434772
2646,16.279717001290432
2647,15.029051794290407
2648,8.572790482792351
2649,43.79164709365913
2650,47.447252591832985
2651,47.55786463695686
2652,48.13771432330992
2653,47.48044763527184
2654,24.996256235081212
2655,15.579292283571709
2656,18.73767026456342
2657,16.43409174245403
2658,20.652076937384706
2659,44.12300844893461
2660,36.26868381438245
2661,47.500273003159066
2662,48.58872975772352
2663,47.51394614157193
2664,47.123670980276046
2665,24.17452352624432
2666,13.250245322346288
2667,21.266285976822466
2668,16.33211179469521
2669,17.469443472294724
2670,18.16350778401137
2671,44.193511426134584
2672,34.8461510890515
2673,22.71865563142719
2674,19.822766464174002
2675,20.00851515534034
2676,31.465429597924427
2677,34.65814133157941
2678,35.95479318699781
2679,46.69246937872983
2680,46.36734493740453
2681,46.21329366687244
2682,42.960820867088046
2683,37.77124184237353
2684,39.863707063151146
2685,38.46012755030737
2686,47.61881783487096
2687,46.50109988785345
2688,46.370874970363
2689,44.29806285872471
2690,24.142213687717373
2691,15.95805021202159
2692,20.206858828759124
2693,13.210616303650028
2694,37.80912923124621
2695,42.7724140764666
2696,40.56806383720219
2697,47.51782586628685
2698,47.25421135615239
2699,46.240126753836456
2700,12.628501131918679
2701,15.546628529658852
2702,17.244422665813246
2703,17.679449935393457
2704,36.67325912934191
2705,41.817818880769686
2706,48.90682020629771
2707,45.616300549842116
2708,32.2347963637947
2709,38.10169069600096
2710,28.20429850367728
2711,29.451640440684407
2712,26.098464742647913
2713,28.830167573614524
2714,20.355207528316043
2715,45.1093230832908
2716,47.38727015395316
2717,46.95626366081151
2718,25.039436885594785
2719,15.957022531482023
2720,20.429248523750626
2721,18.04692245946587
2722,18.063263151989783
2723,15.064046196995497
2724,10.169456556294843
2725,20.98280546668802
2726,37.226223650285306
2727,47.84935228437402
2728,48.412630199122034
2729,45.291869686386626
2730,20.566645513497967
2731,16.976216040209792
2732,10.352642999497341
2733,20.67866180373366
2734,37.08877995844457
2735,46.91207399057358
2736,48.74147716007587
2737,48.202013180642204
2738,48.98292823653829
2739,48.23401022670622
2740,42.359457711909705
2741,26.594061078604007
2742,23.025853389028768
2743,20.303603695472802
2744,20.27554877389897
2745,18.573618093872923
2746,18.621298168185113
2747,36.20754547171492
2748,47.58248024687585
2749,47.20400514076638
2750,46.96278282615635
2751,43.564563835425254
2752,42.8228483373964
2753,38.26942343997481
2754,41.76413578927492
2755,37.39898047436503
2756,35.69535617128459
2757,47.94963061346902
2758,47.59687850892109
2759,47.921017289398485
2760,22.508043880860903
2761,17.891676857576392
2762,16.779898335549476
2763,12.298178589771535
2764,23.3616010026956
2765,39.45202844051061
2766,44.69954562132681
2767,47.993138663975444
2768,48.25114884086566
2769,47.37399470574555
2770,45.48568641852151
2771,13.955735653901762
2772,21.582288880420872
2773,21.508224562631003
2774,18.20987017107
2775,20.54705519488317
2776,37.171431498270735
2777,44.701151035172465
2778,43.30313673773942
2779,48.175104909416184
2780,47.957958727864536
2781,48.308893290921645
2782,47.55209931388952
2783,44.86067527639091
2784,24.995062215145243
2785,13.456302045915622
2786,21.558258716727927
2787,18.954371708709274
2788,15.119054189850164
2789,9.540383261549012
2790,21.440485744151513
2791,37.23049610453125
2792,44.90669708508884
2793,38.871998525325914
2794,43.66497857680982
2795,48.61445503631537
2796,47.16422784247786
2797,15.748225580274049
2798,21.35734125695147
2799,21.425865044112708
2800,18.820384293610793
2801,18.006094823237337
2802,18.712646263522284
2803,15.208542592704841
2804,20.45291758398934
2805,36.0058814871227
2806,47.928069719189615
2807,48.997720559030206
2808,48.185985653542566
2809,28.160337596324855
2810,15.818338628393047
2811,20.75843851033984
2812,18.36904756278752
2813,15.181547463223968
2814,20.112866399727235
2815,43.63918431680203
2816,36.49084907880842
2817,47.4863178559869
2818,25.443695906600475
2819,25.07782596237593
2820,20.946182520594046
2821,18.95688001737622
2822,33.344783419261056
2823,39.08300446016167
2824,35.31814162547133
2825,43.58574809041166
2826,46.08405467102159
2827,46.34576987922285
2828,46.244013915879215
2829,41.11565937453191
2830,37.26348297219581
2831,36.84559384499514
2832,34.06718124186771
2833,37.03762586719248
2834,38.634355998454836
2835,34.315953975274596
2836,37.896466975945295
2837,47.513296100675255
2838,46.8010857439946
2839,14.997111937982789
2840,21.03589067746638
2841,22.669360729900536
2842,17.387696254858866
2843,14.634086203936567
2844,16.28334987274205
2845,12.046124747725848
2846,38.74978555745155
2847,43.63234086723666
2848,47.88608585900577
2849,47.62440749575742
2850,48.32998640088275
2851,47.90902980023856
2852,47.190853386535416
2853,45.11673236895492
2854,17.86360382590254
2855,16.755176595555593
2856,44.58225329269095
2857,38.0170215454633
2858,42.21001181726151
2859,48.694183332002105
2860,24.943977525819996
2861,12.92061730102395
2862,15.599219801530005
2863,21.02112327135013
2864,16.533579677878762
2865,8.745898146957526
2866,20.78864237756445
2867,36.112547392919616
2868,44.04732859732925
2869,38.09016013583781
2870,21.336381869690793
2871,20.951333613295322
2872,21.70756053943487
2873,19.9522732053748
2874,12.446325650145138
2875,38.113251230839694
2876,46.83185089896978
2877,48.4058305086808
2878,47.428780973861514
2879,48.22301236369912
2880,24.028521090919092
2881,15.76509609898358
2882,18.877652680456883
2883,20.269948294982303
2884,18.641405986718198
2885,15.69300739892974
2886,11.495544344183061
2887,44.7817624425329
2888,39.19176998691798
2889,47.39459699098211
2890,46.56693433899584
2891,46.275897751936874
2892,40.600749403309656
2893,21.60840441226296
2894,20.086946412703305
2895,21.535381274815578
2896,19.241106666219032
2897,18.676414291607948
2898,30.600283843560707
2899,41.415172510449395
2900,36.34002039153721
2901,47.629005179471115
2902,47.10844960133828
2903,38.938644928710616
2904,38.0231980217065
2905,40.37005632483822
2906,41.00891177438632
2907,39.44344167208846
2908,42.23914692445506
2909,36.506957592991874
2910,35.912744130602796
2911,47.2840758303216
2912,46.5142716465067
2913,26.72832720607608
2914,16.161753029186023
2915,26.946714798176913
2916,23.785731956342964
2917,24.65571207236099
2918,39.038870597074855
2919,44.56908853359412
2920,46.5158042636068
2921,47.278968112413196
2922,46.85600298956336
2923,23.932478290927335
2924,20.205517039367216
2925,21.437884492322077
2926,16.61876641151033
2927,10.431352018727125
2928,10.131620073255949
2929,39.42308328651009
2930,48.200789944296666
2931,47.732111739633346
2932,13.196840832005455
2933,17.316002259850237
2934,18.25437642293813
2935,18.622179564956184
2936,15.976036245934898
2937,8.235779299230911
2938,44.714569495760614
2939,40.0192466290895
2940,47.98539717358159
2941,47.488788069846315
2942,47.034939475925995
2943,16.159448713042508
2944,24.071831346153683
2945,22.88050158154322
2946,11.276800145720092
2947,21.533060384408
2948,44.38687129512852
2949,36.934959045432514
2950,41.22257115657778
2951,47.6484272921959
2952,44.934176014281725
2953,24.132408899193827
2954,15.164886473108496
2955,22.147242885056677
2956,18.456459475374803
2957,17.289568202376408
2958,17.43177800464968
2959,19.368834520751342
2960,44.62911081358913
2961,38.12710286617601
2962,47.022054114218044
2963,48.91510603442602
2964,42.18910227020242
2965,28.40321261632741
2966,24.040679806538115
2967,23.944367020922094
2968,24.94635923431636
2969,22.55678305498668
2970,18.691475380896694
2971,33.49543493523533
2972,45.285760545255926
2973,47.824461854773254
2974,47.6006306276881
2975,43.79224716611678
2976,39.5506101666926
2977,34.505170979217176
2978,45.9833500872927
2979,23.5406847610778
2980,21.10658321898178
2981,18.080986063251274
2982,18.867797875033197
2983,13.443682238169753
2984,11.662499732025047
2985,45.38834534462826
2986,47.55885390846121
2987,47.42578412250433
2988,47.38938666567052
2989,44.101131457621875
2990,13.447078847878178
2991,16.174794546770443
2992,22.534045567421664
2993,23.881976995504143
2994,19.28073225623737
2995,11.110400973407375
2996,19.937981590422112
2997,44.16298483895503
2998,44.25367869789613
2999,48.680443797452796
3000,47.558765024286295
3001,47.06585941508828
3002,22.40418686024982
3003,18.270656365644754
3004,15.166071053680144
3005,8.834549339794258
3006,39.03538933137283
3007,43.53739984964086
3008,46.9480113521545
3009,45.122466452751624
3010,20.097590916538632
3011,20.09599416538174
3012,22.571097407490495
3013,38.30607032436125
3014,43.92964612550166
3015,34.481761975851036
3016,48.449979999007205
3017,24.568666730217394
3018,19.448184773615793
3019,16.44320198662627
3020,14.807860960234745
3021,9.335870021218797
3022,19.474277429440747
3023,33.459875570122755
3024,45.99557091280538
3025,39.718442061110885
3026,21.022915668246064
3027,17.89862060676122
3028,19.67319678571325
3029,19.24621806152715
3030,19.679874132649758
3031,35.469468813409094
3032,44.837388187165445
3033,47.195323047282436
3034,46.91126808439621
3035,47.20127675851209
3036,43.73265418572738
3037,39.20647769861192
3038,37.8174073250355
3039,39.49605801068114
3040,38.83335612116907
3041,39.03421258457943
3042,35.1921089547095
3043,43.98363613379994
3044,44.02489620275538
3045,44.21230796135793
3046,47.582433854133505
3047,47.9022827734104
3048,44.792049872818346
3049,15.18240220622371
3050,22.19365882267801
3051,19.832789354148808
3052,19.785244142112603
3053,16.581014772133614
3054,16.8242541257774
3055,13.661562058016822
3056,46.275137630923716
3057,48.11523365392723
3058,48.457266113708194
3059,47.664605082101396
3060,48.369100202757174
3061,16.127424357842493
3062,22.969592954038777
3063,18.50786766330549
3064,15.57905492290606
3065,17.18635763430722
3066,15.046633290945218
3067,10.145854769335303
3068,43.025064474072366
3069,38.21393612715677
3070,48.743079964409226
3071,48.65311430490908
3072,48.13933262903487
3073,47.717037521952925
3074,23.574013167684605
3075,21.126341851133006
3076,23.301000624999766
3077,17.4596459287186
3078,18.033622220697392
3079,16.98324112733017
3080,9.019304037062508
3081,35.914669216121574
3082,43.44644904833762
3083,43.440718624313135
3084,48.64338608622556
3085,48.01674141286958
3086,48.072832434099425
3087,23.99778402754692
3088,14.938833093301781
3089,19.382927764065844
3090,22.68458441478222
3091,18.258544683853234
3092,17.485411390204717
3093,14.03956539949156
3094,36.46384453567417
3095,34.65701839925696
3096,49.26225302984907
3097,47.32696001628395
3098,25.00442943309175
3099,19.055225804179326
3100,21.80581425036285
3101,16.98775648718894
3102,17.71917569964188
3103,18.497162103510288
3104,11.562715668573727
3105,37.39762094868157
3106,37.62381430017202
3107,47.046288140650695
3108,47.93827024919527
3109,47.34786393118345
3110,25.265364917752095
3111,22.161354163522304
3112,19.228600666101972
3113,19.722992272633004
3114,33.70735851915918
3115,35.07945328112309
3116,46.706696689828426
3117,46.64967446607129
3118,42.82870038532515
3119,37.54043491153724
3120,38.22764925774526
3121,38.748884697320086
3122,38.67141784891243
3123,40.12303958645504
3124,38.97894159194866
3125,34.38878860056183
3126,38.123379254145114
3127,36.667130399483376
3128,43.34959597390115
3129,47.5356303496151
3130,47.99398984169466
3131,47.20534709989016
3132,46.080071844688725
3133,26.53251984175988
3134,17.26867658549744
3135,16.51241696404926
3136,23.524956140276203
3137,23.056256184775442
3138,17.239063304163295
3139,11.617038626565602
3140,47.597643984010865
3141,23.790507360862637
3142,18.757530264826563
3143,15.858138961236492
3144,10.951614519540833
3145,9.325718530715742
3146,47.50269351028755
3147,48.285277492152
3148,46.45522908047732
3149,44.184941824495624
3150,13.313075702241308
3151,8.739845761065705
3152,34.787518189688605
3153,44.18389273879321
3154,48.312179879686035
3155,47.19713669559067
3156,13.55293522486659
3157,22.500238145022323
3158,17.02107349519448
3159,17.73590789151241
3160,13.826671045579513
3161,47.861463065197654
3162,45.37418053218949
3163,27.31586425447034
3164,15.926443761349775
3165,21.646046093619006
3166,17.11602549939887
3167,17.886568360521473
3168,17.639054356903944
3169,9.801869901557367
3170,21.309803178373613
3171,36.39844310922583
3172,47.83831092237437
3173,49.00362994419564
3174,48.84369324853098
3175,25.380586707776086
3176,23.573250539241524
3177,20.797150786509455
3178,18.928742539405345
3179,16.4181049209242
3180,18.128769443468506
3181,23.877719568306837
3182,16.933766617752834
3183,41.26598081465911
3184,33.235077922686536
3185,35.14645309940483
3186,44.72835562126542
3187,46.93910839566711
3188,46.87383957490904
3189,47.07496448296789
3190,45.7762423198324
3191,42.52418808042997
3192,38.01178810291943
3193,40.542996309477736
3194,40.106058475368506
3195,42.38191163093247
3196,45.72614065330462
3197,47.08616367551442
3198,48.30167096058351
3199,47.033993831994806
3200,47.78472126855711
3201,45.03586379267087
3202,25.526398749758712
3203,16.59653883083121
3204,20.304067263695103
3205,14.847080998272881
3206,12.430019098142171
3207,37.779831658817955
3208,42.698312058544325
3209,37.14647711028884
3210,48.61190901074274
3211,47.139935536562625
3212,47.698961474380646
3213,47.413932902912045
3214,45.27349942214597
3215,15.235890150788105
3216,21.510783023239725
3217,15.620927281032564
3218,38.723691459493146
3219,38.866941163458876
3220,41.77957770490256
3221,48.07479388238222
3222,47.06046700598442
3223,47.35502646576893
3224,19.516852158312346
3225,22.713996527834357
3226,19.00210606132129
3227,10.540227131140947
3228,37.48853958119594
3229,39.29151816167329
3230,41.67430706636615
3231,48.435662406437466
3232,46.56989613690397
3233,47.892560781386315
3234,47.02330673434945
3235,21.290395449053438
3236,19.50339749836613
3237,16.93850907622064
3238,17.662440448603753
3239,9.045215803774669
3240,21.53706067415886
3241,43.835007672196326
3242,48.14042760800111
3243,48.15148419124182
3244,25.03219680151784
3245,13.207263723730165
3246,16.503906546444384
3247,21.711177759235234
3248,20.342274515192457
3249,16.225424830104334
3250,13.344565261070533
3251,15.530687189547113
3252,18.314207452951614
3253,35.28483464248906
3254,28.525844664557837
3255,34.756077136754406
3256,48.4183095815148
3257,48.561130156526
3258,23.6938724173275
3259,24.37228338263722
3260,16.90373225919647
3261,17.003794570759055
3262,40.43152318596854
3263,39.3159715689307
3264,33.65153539290822
3265,44.98984906050943
3266,47.27008655832072
3267,38.3550355624959
3268,38.3014086765194
3269,39.84656568243783
3270,39.60431637912756
3271,36.74157764066595
3272,44.61528427180779
3273,46.8501873059699
3274,46.095179354770245
3275,16.037097871167767
3276,20.293233027559435
3277,17.345394709308536
3278,12.461664496685637
3279,23.170725247258112
3280,40.008560321243365
3281,46.92682802423875
3282,47.93846043795141
3283,47.245462786151826
3284,25.059031182835803
3285,21.03393277638005
3286,18.956516765896964
3287,18.22408547332141
3288,14.945873748646871
3289,17.096631908852185
3290,11.387170733888116
3291,9.551900225106142
3292,37.306841459038246
3293,43.45762451517405
3294,37.42451820545393
3295,39.68421119125518
3296,47.38173928506553
3297,48.20661199537226
3298,44.268302919282355
3299,21.981359000604748
3300,17.83948792477229
3301,15.058362193822536
3302,48.603505383730756
3303,47.623184994941965
3304,48.66657187632847
3305,47.86713484787514
3306,25.45842854652291
3307,15.106830798692224
3308,18.62973552736335
3309,17.73868476883986
3310,16.0530247125979
3311,10.19202713517979
3312,19.067616824894824
3313,31.98582542836089
3314,48.08493694950598
3315,49.31044375493878
3316,47.39154717147163
3317,45.59753073947268
3318,25.635301626645344
3319,16.046744613893786
3320,16.047097535511003
3321,21.34534129069479
3322,21.807469580582044
3323,16.960165947815835
3324,16.028315394406977
3325,14.069038006813887
3326,8.324477548525365
3327,18.090376540728485
3328,33.81386639080305
3329,41.49917677686271
3330,46.972415987292585
3331,47.67057086728249
3332,23.594342523341304
3333,25.779734896764495
3334,45.006961914686975
3335,47.35294612554663
3336,47.379375266551286
3337,46.647546728038286
3338,44.795765072344786
3339,40.24061715129217
3340,40.299396260190846
3341,38.7279032782914
3342,36.523909016295036
3343,40.39592406789617
3344,27.49022416561809
3345,39.748204008745546
3346,46.700453813702175
3347,47.220002781526695
3348,46.42271485343537
3349,44.32402081772785
3350,26.111616284299494
3351,16.91245781491919
3352,18.834301687039332
3353,16.087776040004172
3354,11.391987388362654
3355,23.951950794385827
3356,38.5224557035064
3357,44.02841957196373
3358,47.51006047854603
3359,48.64862433312798
3360,26.594004398012263
3361,21.68014926299274
3362,21.658748986687257
3363,13.887927818492042
3364,11.223138599210081
3365,21.13160645641124
3366,39.15255405759776
3367,47.813387718756594
3368,45.66142272768413
3369,26.478249551900365
3370,15.314427430471115
3371,36.27016520923501
3372,40.2273589940963
3373,47.697796345141775
3374,48.895069560047354
3375,48.03202828749411
3376,48.05700437897885
3377,27.750216876009652
3378,15.704719851068162
3379,15.140166587864497
3380,24.877509384421465
3381,18.524592613261124
3382,17.86768349573081
3383,17.335401809476508
3384,8.140937415607311
3385,17.80376021925242
3386,32.600820980558375
3387,47.37452638562866
3388,31.513101447110934
3389,22.52064865794553
3390,8.410331830291614
3391,17.15565215877762
3392,29.07007209062258
3393,46.16123029362327
3394,48.62772814547633
3395,48.676315754004996
3396,47.626600354273585
3397,21.735657171776467
3398,24.40312234695117
3399,20.26613416343139
3400,20.940074575599013
3401,18.313063498165654
3402,14.019323840002231
3403,18.355683652920447
3404,23.65579675285269
3405,44.87517520167931
3406,47.865438184395636
3407,47.4600726661806
3408,46.6809187672586
3409,46.514685685662265
3410,46.284887863448084
3411,40.57522947635365
3412,39.85630287846829
3413,40.39357417460265
3414,34.09546731316998
3415,47.56927182295431
3416,46.418146374414995
3417,17.806311651431514
3418,25.59846800906955
3419,23.04192141407792
3420,19.436170424032817
3421,14.492296436704041
3422,13.702108435908192
3423,41.80278651497901
3424,48.529485463261366
3425,48.92723911492573
3426,48.66538474246114
3427,46.09012882694989
3428,30.38988953597263
3429,30.044997373140593
3430,35.06484446004185
3431,27.059375765496064
3432,25.608217184638704
3433,19.179184655506386
3434,19.14669104146114
3435,31.816255982230945
3436,42.446502532845365
3437,49.50448230007632
3438,50.70236993138268
3439,49.191339065960705
3440,48.96528667427918
3441,24.407474863440754
3442,22.57525372028621
3443,24.205506525031435
3444,18.319180454275305
3445,16.975508965105817
3446,26.026786542233033
3447,44.1320949478881
3448,48.715365350867785
3449,47.48674814431785
3450,48.491317600088735
3451,47.611540439509376
3452,45.6287479484562
3453,38.24032688756952
3454,26.652501774973416
3455,21.46215494625171
3456,20.66560707587879
3457,18.153963613782544
3458,11.141384661915776
3459,46.968855982867126
3460,49.177673935235894
3461,48.59374788060945
3462,47.35143089101744
3463,47.069488066844556
3464,20.901561557898532
3465,17.03043844729948
3466,21.179265460306787
3467,20.728879272083404
3468,12.715854838956158
3469,36.67899445882669
3470,48.30272480724363
3471,46.51652781067174
3472,30.037046544417787
3473,25.301573252382372
3474,23.846069958901936
3475,22.744443478886797
3476,34.88303363911603
3477,41.04834358110293
3478,34.872861367844955
3479,43.60402531290507
3480,46.64182833370635
3481,46.53983711986356
3482,46.412335973167096
3483,45.94787131665175
3484,46.23580524186472
3485,47.33619677814591
3486,43.13358641864226
3487,44.33017014527399
3488,42.082231617074136
3489,38.87491685974774
3490,39.10924776617539
3491,45.848911335162974
3492,44.68146652300306
3493,47.84707156678967
3494,46.75112128693141
3495,44.89958396270695
3496,25.794057569963975
3497,20.375742262240863
3498,16.388359821152694
3499,13.225212489505068
3500,23.60204044736436
3501,47.1254088142452
3502,41.516296983828965
3503,43.85543290128101
